{
  "config": {
    "dataset_version": "hybrid_rl_topsis_amazon_india_enriched",
    "source_primary_report": "results\\amazon_primary.json",
    "bootstrap_runs": 50
  },
  "profile_gap_summary": {
    "budget": {
      "hybrid_mean_f1": 0.76,
      "rl_mean_f1": 0.5885714285714286,
      "topsis_mean_f1": 0.19428571428571428,
      "hybrid_minus_rl": 0.17142857142857137,
      "hybrid_minus_topsis": 0.5657142857142857
    },
    "quality_seeker": {
      "hybrid_mean_f1": 0.8914285714285713,
      "rl_mean_f1": 0.35428571428571415,
      "topsis_mean_f1": 0.011428571428571429,
      "hybrid_minus_rl": 0.5371428571428571,
      "hybrid_minus_topsis": 0.8799999999999999
    },
    "explorer": {
      "hybrid_mean_f1": 0.9828571428571429,
      "rl_mean_f1": 0.6457142857142857,
      "topsis_mean_f1": 0.34857142857142853,
      "hybrid_minus_rl": 0.3371428571428572,
      "hybrid_minus_topsis": 0.6342857142857143
    },
    "loyal": {
      "hybrid_mean_f1": 0.8999999999999999,
      "rl_mean_f1": 0.4285714285714285,
      "topsis_mean_f1": 0.16285714285714284,
      "hybrid_minus_rl": 0.4714285714285714,
      "hybrid_minus_topsis": 0.7371428571428571
    },
    "balanced": {
      "hybrid_mean_f1": 0.9685714285714286,
      "rl_mean_f1": 0.8542857142857142,
      "topsis_mean_f1": 0.58,
      "hybrid_minus_rl": 0.11428571428571443,
      "hybrid_minus_topsis": 0.3885714285714287
    }
  },
  "reward_shaping_sensitivity": {
    "shaping_bonus_grid": [
      0.0,
      0.1,
      0.2
    ],
    "summary": {
      "hybrid": {
        "0.0": {
          "mean": 0.6411428571428571,
          "std": 0.05147934002082383,
          "ci_lo": 0.5714285714285714,
          "ci_hi": 0.7428571428571429,
          "n": 50,
          "raw": [
            0.6285714285714287,
            0.6,
            0.6285714285714284,
            0.7714285714285716,
            0.6,
            0.6857142857142857,
            0.5428571428571429,
            0.6857142857142857,
            0.6285714285714286,
            0.6285714285714286,
            0.6857142857142857,
            0.6285714285714286,
            0.6285714285714284,
            0.6857142857142857,
            0.6285714285714286,
            0.6285714285714286,
            0.6,
            0.5714285714285714,
            0.5714285714285714,
            0.6,
            0.6857142857142857,
            0.5714285714285714,
            0.6571428571428571,
            0.6285714285714287,
            0.7142857142857143,
            0.6571428571428573,
            0.6571428571428571,
            0.7142857142857143,
            0.5714285714285714,
            0.6285714285714284,
            0.7428571428571428,
            0.6285714285714286,
            0.5714285714285714,
            0.7428571428571429,
            0.6857142857142857,
            0.6285714285714286,
            0.6571428571428571,
            0.6285714285714284,
            0.6285714285714286,
            0.6857142857142857,
            0.6,
            0.6,
            0.7142857142857143,
            0.5714285714285714,
            0.6857142857142857,
            0.6285714285714286,
            0.6285714285714287,
            0.6285714285714287,
            0.5714285714285714,
            0.7142857142857143
          ]
        },
        "0.1": {
          "mean": 0.8079999999999999,
          "std": 0.05828571428571428,
          "ci_lo": 0.7142857142857143,
          "ci_hi": 0.9142857142857143,
          "n": 50,
          "raw": [
            0.7714285714285715,
            0.8285714285714286,
            0.8,
            0.7714285714285716,
            0.8,
            0.7428571428571429,
            0.8571428571428571,
            0.7714285714285715,
            0.7714285714285715,
            0.7999999999999999,
            0.8571428571428571,
            0.7714285714285715,
            0.8857142857142858,
            0.7714285714285715,
            0.7428571428571429,
            0.8,
            0.8571428571428571,
            0.7142857142857143,
            0.8,
            0.7428571428571429,
            0.9142857142857143,
            0.7714285714285715,
            0.6857142857142857,
            0.7714285714285715,
            0.8285714285714285,
            0.8285714285714286,
            0.8857142857142858,
            0.8857142857142858,
            0.7142857142857143,
            0.8285714285714285,
            0.7428571428571429,
            0.8285714285714286,
            0.8,
            0.8285714285714286,
            0.8571428571428571,
            0.8285714285714285,
            0.9142857142857143,
            0.8285714285714286,
            0.8285714285714285,
            0.9714285714285715,
            0.8571428571428571,
            0.7428571428571429,
            0.7428571428571429,
            0.7714285714285715,
            0.8857142857142858,
            0.7714285714285715,
            0.7714285714285715,
            0.8,
            0.7714285714285715,
            0.8857142857142858
          ]
        },
        "0.2": {
          "mean": 0.9005714285714284,
          "std": 0.039688583666709354,
          "ci_lo": 0.8285714285714285,
          "ci_hi": 0.9650000000000001,
          "n": 50,
          "raw": [
            0.8571428571428571,
            0.9428571428571428,
            0.9142857142857143,
            0.9714285714285715,
            0.9428571428571428,
            0.9142857142857143,
            0.9428571428571428,
            0.9142857142857143,
            0.9428571428571428,
            0.8857142857142856,
            0.9428571428571428,
            0.9142857142857143,
            0.9142857142857143,
            0.8,
            0.8857142857142858,
            0.8571428571428571,
            0.8571428571428571,
            0.8285714285714285,
            0.8857142857142858,
            0.8285714285714285,
            0.9714285714285715,
            0.9142857142857143,
            0.8571428571428571,
            0.9428571428571428,
            0.8857142857142858,
            0.9428571428571428,
            0.9428571428571428,
            0.9428571428571428,
            0.8285714285714285,
            0.8857142857142858,
            0.8571428571428573,
            0.9142857142857143,
            0.8571428571428571,
            0.8571428571428571,
            0.9428571428571428,
            0.8571428571428571,
            0.9142857142857143,
            0.8857142857142858,
            0.9142857142857143,
            0.9142857142857143,
            0.9428571428571428,
            0.9428571428571428,
            0.9142857142857143,
            0.8857142857142858,
            0.9142857142857143,
            0.9142857142857143,
            0.8857142857142856,
            0.8857142857142858,
            0.8571428571428571,
            0.9142857142857143
          ]
        }
      },
      "rl_only": {
        "0.0": {
          "mean": 0.1674285714285714,
          "std": 0.05540500235280462,
          "ci_lo": 0.08571428571428572,
          "ci_hi": 0.2857142857142857,
          "n": 50,