{
  "config": {
    "dataset": "McAuley/UCSD Amazon Home and Kitchen 5-core processed for Hybrid RL-TOPSIS",
    "device": "cuda",
    "torch_version": "2.5.1",
    "cuda_available": true,
    "runs": 10,
    "epochs": 30,
    "factors": 64,
    "batch_size": 1024,
    "k": 10,
    "max_len": 30,
    "n_users": 808,
    "n_items": 11287
  },
  "summary": {
    "bpr_mf": {
      "train_seconds": {
        "mean": 31.269932630017866,
        "std": 19.439816767986354,
        "ci_lo": 7.433155630028341,
        "ci_hi": 63.2689411524596,
        "raw": [
          31.990861500031315,
          7.701605400070548,
          56.368854900007136,
          7.355218600016087,
          30.61021310009528,
          28.906836300040595,
          14.77948969998397,
          51.610642299987376,
          18.10341250000056,
          65.27219199994579
        ]
      },
      "hit_at_10": {
        "mean": 0.08923267326732673,
        "std": 0.008347311251939231,
        "ci_lo": 0.07797029702970297,
        "ci_hi": 0.10516707920792079,
        "raw": [
          0.07797029702970297,
          0.09282178217821782,
          0.09034653465346534,
          0.08415841584158416,
          0.07797029702970297,
          0.08663366336633663,
          0.10767326732673267,
          0.08787128712871287,
          0.09653465346534654,
          0.09034653465346534
        ]
      },
      "ndcg_at_10": {
        "mean": 0.04553015408350711,
        "std": 0.0030184984506261598,
        "ci_lo": 0.04163882280119096,
        "ci_hi": 0.05097034514951011,
        "raw": [
          0.04323916745237559,
          0.04306927741325,
          0.04794639534855319,
          0.041908027837430584,
          0.0415606665003472,
          0.04612384305675902,
          0.051848266059465346,
          0.04728375601380945,
          0.045471249346884866,
          0.046850891806195887
        ]
      },
      "mrr_at_10": {
        "mean": 0.0322694680182304,
        "std": 0.0024654161602679528,
        "ci_lo": 0.02849342635156373,
        "ci_hi": 0.035126009252710984,
        "raw": [
          0.03241100895803866,
          0.028331761747603334,
          0.034982516108753726,
          0.029050271098538426,
          0.030391521294986644,
          0.03369037796636807,
          0.03491817931793179,
          0.03516766855256954,
          0.030106180260883228,
          0.033645194876630515
        ]
      },
      "coverage_at_10": {
        "mean": 0.1522725259147692,
        "std": 0.003507845747013678,
        "ci_lo": 0.14780056702400993,
        "ci_hi": 0.1586493310888633,
        "raw": [
          0.15398245769469301,
          0.15938690528927085,
          0.14981837512182156,
          0.15327367768228936,
          0.15283069017453707,
          0.14786923008771152,
          0.15221050766368388,
          0.15610879773190395,
          0.14946398511561973,
          0.14778063258616106
        ]
      }
    },
    "neumf": {
      "train_seconds": {
        "mean": 32.7975566299865,
        "std": 30.754911544491105,
        "ci_lo": 10.689896654943004,
        "ci_hi": 95.90223754246546,
        "raw": [
          13.22120360005647,
          10.666609199950472,
          100.19148649997078,
          10.770108999917284,
          30.943482300033793,
          12.260183200007305,
          13.781320100068115,
          81.12815779994708,
          13.725955599918962,
          41.28705899999477
        ]
      },
      "hit_at_10": {
        "mean": 0.03873762376237624,
        "std": 0.005591265840631941,
        "ci_lo": 0.03025990099009901,
        "ci_hi": 0.04879331683168318,
        "raw": [
          0.039603960396039604,
          0.04084158415841584,
          0.04207920792079208,
          0.04207920792079208,
          0.03589108910891089,
          0.050742574257425746,
          0.03217821782178218,
          0.038366336633663366,
          0.03589108910891089,
          0.0297029702970297
        ]
      },
      "ndcg_at_10": {
        "mean": 0.019606707323965848,
        "std": 0.002592441752081378,
        "ci_lo": 0.015840749734433883,
        "ci_hi": 0.023608083927572642,
        "raw": [
          0.020750870441739126,
          0.021291633955347448,
          0.02265693976621867,
          0.018687596953788303,
          0.01816367834642824,
          0.023884222555062506,
          0.01724819280848478,
          0.016666659807065408,
          0.02111630921475733,
          0.015600969390766667
        ]
      },
      "mrr_at_10": {
        "mean": 0.013842772670124154,
        "std": 0.0022410077544362684,
        "ci_lo": 0.010429558580858084,
        "ci_hi": 0.016712009370579917,
        "raw": [
          0.015015519409083767,
          0.015305280528052806,
          0.016743281471004245,
          0.01184435407826497,
          0.012773063020587772,
          0.01592998585572843,
          0.01275587380166588,
          0.01018534889203206,
          0.01660429435800723,
          0.011270725286814394
        ]
      },
      "coverage_at_10": {
        "mean": 0.06852130769912289,
        "std": 0.004891865938831147,
        "ci_lo": 0.06022636661646141,
        "ci_hi": 0.07702002303535041,
        "raw": [
          0.06609373615664038,
          0.06822007619385133,
          0.07061220873571365,
          0.06919464871090636,
          0.07043501373261274,
          0.06290422610082395,
          0.07867458137680518,
          0.0713209887481173,
          0.06830867369540179,
          0.05944892354035616
        ]
      }
    },
    "lightgcn": {
      "train_seconds": {
        "mean": 23.469834069977516,
        "std": 10.29934758401933,
        "ci_lo": 16.548588877471047,
        "ci_hi": 46.74554934492045,
        "raw": [
          17.64902439992875,
          25.566578199970536,
          51.929933599894866,
          20.8370023999596,
          17.084502700017765,
          16.832548799924552,
          17.052722900058143,
          22.391653000027873,
          16.466148899984546,
          28.888225800008513
        ]
      },
      "hit_at_10": {
        "mean": 0.0948019801980198,
        "std": 0.0056226815304953204,
        "ci_lo": 0.08623143564356436,
        "ci_hi": 0.10436262376237623,
        "raw": [
          0.09158415841584158,
          0.1051980198019802,
          0.10148514851485149,
          0.09405940594059406,
          0.09158415841584158,
          0.09900990099009901,
          0.09653465346534654,
          0.0891089108910891,
          0.09405940594059406,
          0.0853960396039604
        ]
      },
      "ndcg_at_10": {
        "mean": 0.0465102698839234,
        "std": 0.002383314500977868,
        "ci_lo": 0.04329401109158254,
        "ci_hi": 0.05012665107956043,
        "raw": [
          0.04336812013111536,
          0.04873345512292181,
          0.050152989580602325,
          0.045692073550562456,
          0.047297392172738054,
          0.05003592957597169,
          0.046464550954861766,
          0.045363466358713994,
          0.04472222582777029,
          0.043272495563976235
        ]
      },
      "mrr_at_10": {
        "mean": 0.032018161637592336,
        "std": 0.0019289818623819649,
        "ci_lo": 0.029179669082979726,
        "ci_hi": 0.03511430830583059,
        "raw": [
          0.028904408297972653,
          0.031796617161716174,
          0.034720748860600344,
          0.031346259625962596,
          0.033931027031274555,
          0.03522856749960711,
          0.03139046047461889,
          0.03205003536067893,
          0.030127789564670753,
          0.03068570249882131
        ]
      },
      "coverage_at_10": {
        "mean": 0.1373261274032072,
        "std": 0.004724997042387658,
        "ci_lo": 0.12965801364401525,
        "ci_hi": 0.14448923540356162,