model,train_seconds_mean,train_seconds_std,hit_at_10_mean,hit_at_10_std,ndcg_at_10_mean,ndcg_at_10_std,mrr_at_10_mean,mrr_at_10_std,coverage_at_10_mean,coverage_at_10_std
lightgcn,23.469834069977516,10.29934758401933,0.0948019801980198,0.0056226815304953204,0.0465102698839234,0.002383314500977868,0.032018161637592336,0.0019289818623819649,0.1373261274032072,0.004724997042387658
bpr_mf,31.269932630017866,19.439816767986354,0.08923267326732673,0.008347311251939231,0.04553015408350711,0.0030184984506261598,0.0322694680182304,0.0024654161602679528,0.1522725259147692,0.003507845747013678
neumf,32.7975566299865,30.754911544491105,0.03873762376237624,0.005591265840631941,0.019606707323965848,0.002592441752081378,0.013842772670124154,0.0022410077544362684,0.06852130769912289,0.004891865938831147
sasrec,182.327787729993,36.32469687636476,0.010396039603960397,0.0035955047144390962,0.005219117096767265,0.0017707459831446466,0.003686645450259312,0.001348055608113898,0.21272260122264547,0.019574554828833194
