model,hit_at_10_mean,hit_at_10_std,ndcg_at_10_mean,ndcg_at_10_std,mrr_at_10_mean,mrr_at_10_std,coverage_at_10_mean,coverage_at_10_std
user_knn,0.8937441643323998,0.008796687741037453,0.8907739322325784,0.008752569284957976,0.8897572362278244,0.008890574043801863,0.13602868447082098,0.003983356405828169
item_knn,0.8937441643323998,0.008796687741037453,0.883564906102603,0.008665199376466792,0.8800622471210706,0.00945652600734306,0.1355835806132542,0.0036728352709592786
bpr_mf,0.8182072829131655,0.019044185992592763,0.7191324881731311,0.024298568272757698,0.6876222340788167,0.02928398526376471,0.1162215628090999,0.0029694190014397785
content_cbf,0.7521942110177406,0.008879546911647974,0.6876903315715981,0.010176777777990831,0.6673423072932876,0.011578309353409838,0.433135509396637,0.007708790412818488
topsis,0.028944911297852476,0.0029229646764703135,0.01208937251101077,0.0018514205247704468,0.007127739984882841,0.0016907621526331437,0.00890207715133531,1.734723475976807e-18
random,0.008683473389355741,0.004706660377639052,0.004165359951383976,0.0020690197297200345,0.002811902538793295,0.0017258200637086498,0.9310830860534125,0.006304474204585753
popularity,9.337068160597573e-05,0.0005028165086026614,2.699017986161418e-05,0.00014534656672899511,9.337068160597574e-06,5.028165086026615e-05,0.013872403560830863,0.00506102927503905
