baseline,mean_hybrid,mean_baseline,mean_diff,median_diff,cohen_dz,paired_t_p_two_sided,wilcoxon_p_one_sided_greater,wins,ties,losses,n
random,0.9005714285714284,0.02,0.8805714285714283,0.8857142857142857,16.384423882008246,1.9702687117560928e-61,3.506583951793994e-10,50,0,0,50
popularity,0.9005714285714284,0.15314285714285714,0.7474285714285713,0.7428571428571429,8.864704852728275,1.8829043182976996e-48,3.6680187202070284e-10,50,0,0,50
topsis_only,0.9005714285714284,0.2594285714285714,0.6411428571428571,0.6285714285714286,9.968160976199306,6.384813268795918e-51,3.583225566656842e-10,50,0,0,50
rl_only,0.9005714285714284,0.5742857142857143,0.32628571428571435,0.3142857142857143,5.115747482755016,5.243568304568082e-37,3.5548158315771066e-10,50,0,0,50
